id;nome;login;email;cpf;created_at;updated_at;deleted_at
1;haunt;misuse noisily;Sophia_Souza@hotmail.com;woot between deer;2024-05-27T18:04:18;2024-05-28T02:45:13;2024-05-28T03:42:25
2;jumpy skivvy;immediately webmail;Talita21@live.com;playfully sure-footed;2024-05-28T15:22:55;2024-05-28T12:14:38;2024-05-28T15:54:00
3;what brr;grandpa unlock;Isabela_Carvalho@gmail.com;but gran envelop;2024-05-28T16:29:30;2024-05-28T01:40:21;2024-05-28T08:22:20
4;aha toward;cap;Fabio_Reis83@live.com;dissemination;2024-05-27T22:04:50;2024-05-28T05:54:22;2024-05-28T01:26:08
5;inure;sheepishly dial phrase;Luiza.Xavier76@hotmail.com;jeopardise consult;2024-05-28T10:50:23;2024-05-28T13:40:16;2024-05-28T12:05:31
6;hopeful;ick meh;Davi_Oliveira@live.com;austere hm;2024-05-28T15:56:48;2024-05-27T17:56:50;2024-05-28T04:54:16
7;fairly;unearth punctually;Calebe9@hotmail.com;astride;2024-05-27T20:40:46;2024-05-27T18:49:44;2024-05-28T13:56:17
8;consequently bumpy once;whenever destroy fortunately;Vitor92@yahoo.com;for overreach um;2024-05-28T03:07:16;2024-05-27T23:21:15;2024-05-27T20:05:39
9;part;narrow yahoo celebrated;Frederico.Oliveira@hotmail.com;svelte psst;2024-05-28T00:22:54;2024-05-27T23:37:51;2024-05-28T04:49:25
10;blindly preparation;dearly stipulate woeful;Nicolas71@live.com;solidly;2024-05-28T07:17:35;2024-05-28T05:44:02;2024-05-28T08:48:37
